{"cameraMode":{"drawMode":0,"name":"Shaded","section":"Shading Mode"},"sceneLighting":true,"audioPlay":false,"sceneViewState":{"showFog":true,"showMaterialUpdate":false,"showSkybox":true,"showFlares":true,"showImageEffects":true,"showParticleSystems":true},"in2DMode":false,"pivot":{"x":-15.100000381469727,"y":24.90543556213379,"z":-13.947017669677735},"rotation":{"x":0.2730543911457062,"y":0.07781659066677094,"z":-0.022165624424815179,"w":0.9585917592048645},"size":243.22372436523438,"orthographic":false}